[
	{"Common Names": "APT39", "Alternate Names": "APT39", "TTPs": "Service call", "Target Sector": "Telecommunication", "Attack Vector": "POWBAT infection", "Modus Operandi": "Service Call", "Associated Malware": "SEAWEED CACHEMONEY", "References": "FireEye", "Toolsets":"unknown ", "Comments": "Testing"},
	{"Common Names": "APT39", "Alternate Names": "APT39", "TTPs": "Service call", "Target Sector": "Telecommunication", "Attack Vector": "POWBAT infection", "Modus Operandi": "Service Call", "Associated Malware": "SEAWEED CACHEMONEY", "References": "FireEye", "Toolsets":"unknown ", "Comments": "Testing"},
	{"Common Names": "APT39", "Alternate Names": "APT39", "TTPs": "Service call", "Target Sector": "Telecommunication", "Attack Vector": "POWBAT infection", "Modus Operandi": "Service Call", "Associated Malware": "SEAWEED CACHEMONEY", "References": "FireEye", "Toolsets":"unknown ", "Comments": "Testing"},
	{"Common Names": "APT39", "Alternate Names": "APT39", "TTPs": "Service call", "Target Sector": "Telecommunication", "Attack Vector": "POWBAT infection", "Modus Operandi": "Service Call", "Associated Malware": "SEAWEED CACHEMONEY", "References": "FireEye", "Toolsets":"unknown ", "Comments": "Testing"},
	{"Common Names": "APT39", "Alternate Names": "APT39", "TTPs": "Service call", "Target Sector": "Telecommunication", "Attack Vector": "POWBAT infection", "Modus Operandi": "Service Call", "Associated Malware": "SEAWEED CACHEMONEY", "References": "FireEye", "Toolsets":"unknown ", "Comments": "Testing"},
	{"Common Names": "APT39", "Alternate Names": "APT39", "TTPs": "Service call", "Target Sector": "Telecommunication", "Attack Vector": "POWBAT infection", "Modus Operandi": "Service Call", "Associated Malware": "SEAWEED CACHEMONEY", "References": "FireEye", "Toolsets":"unknown ", "Comments": "Testing"},
	{"Common Names": "APT39", "Alternate Names": "APT39", "TTPs": "Service call", "Target Sector": "Telecommunication", "Attack Vector": "POWBAT infection", "Modus Operandi": "Service Call", "Associated Malware": "SEAWEED CACHEMONEY", "References": "FireEye", "Toolsets":"unknown ", "Comments": "Testing"}
]